team_name,avg_launch_speed,avg_bat_speed,avg_swing_length
ATL,81.45684523809524,70.62597266785501,7.113905525846702
NYM,86.4087445887446,69.10317042606516,7.650167084377611
