team_name,avg_launch_speed,avg_bat_speed,avg_swing_length
BAL,84.65592592592593,69.00481481481481,6.834012345679012
CLE,85.44988095238095,68.26797619047619,6.947678571428572
DET,84.9042328042328,67.7479365079365,7.254841269841269
HOU,79.04156746031747,68.72573876015052,6.9310972469796
LAA,79.15264880952381,70.53979166666667,7.287569444444444
SD,79.5057619047619,68.77324542124543,7.1002869352869356
SEA,85.29629629629629,72.7047380952381,7.219142857142858
STL,80.4314880952381,70.76833333333333,7.208888888888889
TOR,82.02520833333334,71.05267361111112,7.067326388888889
