team_name,avg_launch_speed,avg_bat_speed,avg_swing_length
ATL,82.03964285714287,71.41929292929294,7.378080808080808
BAL,83.49749999999999,67.51412698412699,6.9650396825396825
DET,79.85694444444445,69.54342532467533,6.80859126984127
HOU,83.91533333333334,70.64385714285714,7.330619047619048
KC,81.87695238095237,62.436,6.930214285714285
MIL,83.94123015873016,68.96809523809524,7.089523809523809
NYM,86.04333333333334,72.36861904761905,7.345714285714285
SD,88.4731746031746,69.3069708994709,7.314272486772487
