team_name,avg_launch_speed,avg_bat_speed,avg_swing_length
BOS,77.42390873015873,66.45453703703704,6.911342592592592
CHC,82.5772619047619,67.29097222222222,6.859920634920635
HOU,86.82394557823129,69.33483405483405,7.514314574314574
PHI,81.4036755952381,67.19434523809524,7.082857142857143
SEA,80.89888392857142,70.51213068181818,7.1371875
SF,81.2875,73.56666666666668,6.583333333333333
TOR,76.8452380952381,66.96088435374149,6.735510204081633
