team_name,avg_launch_speed,avg_bat_speed,avg_swing_length
BAL,83.54751322751322,68.96807239057239,6.924929854096521
CLE,84.96160256410256,68.09121642246642,7.088058608058607
DET,82.93660493827161,70.25277676027676,7.1246957671957665
HOU,78.52916666666667,66.99750566893424,6.97468820861678
LAA,79.41993197278912,67.4509842141985,6.944344147915577
SD,83.00796296296296,69.93690476190476,7.457389770723103
SEA,86.57547619047618,67.1893450993451,7.15538406038406
STL,87.28119047619047,69.99289115646259,7.140425170068028
TOR,83.56059523809523,70.1571875,6.967110042735043
