team_name,avg_launch_speed,avg_bat_speed,avg_swing_length
ATL,81.7969642857143,68.75124007936508,7.331944444444445
BAL,83.85357142857143,70.80938775510205,7.3989455782312925
DET,80.18101851851851,70.7945677008177,7.291421957671957
HOU,81.37119047619048,62.699074074074076,7.091990740740741
KC,82.70285714285714,72.85383333333333,7.622333333333333
MIL,79.86064814814814,69.5098611111111,7.150972222222222
NYM,83.05533333333332,71.91683766233766,7.471857142857142
SD,86.51902777777777,68.12083333333332,7.326851851851852
