team_name,avg_launch_speed,avg_bat_speed,avg_swing_length
BAL,86.89586419753087,71.82884522884522,6.894581344581344
CLE,84.691,67.78353174603176,7.186111111111111
DET,84.71541666666667,72.26142857142857,7.529523809523809
HOU,80.84928571428573,68.325,7.1475
LAA,86.20404761904761,71.33849206349205,7.153968253968253
SD,83.38537037037037,69.94496632996633,7.368588263588263
SEA,89.24375,70.58428571428573,7.493668430335096
STL,84.9163605442177,71.36460523603381,7.435578231292517
TOR,91.37662698412699,69.63930735930735,7.278520923520925
