team_name,avg_launch_speed,avg_bat_speed,avg_swing_length
COL,95.40666666666668,70.5324494949495,7.260353535353535
HOU,77.58,68.83507936507937,7.233194444444445
MIL,83.1295238095238,67.1638775510204,7.34734693877551
NYM,86.99211111111111,69.7069706959707,7.310923076923077
TOR,75.051,71.13142857142857,7.231714285714285
WSH,86.35646645021646,69.6375,6.947355769230769
